id,full_name,games,time,goals,xG,assists,xA,shots,key_passes,yellow_cards,red_cards,position,team_title,team_short,npg,npxG,xGChain,xGBuildup,team_short,pos
7991,Aaron Connolly,24,1279,3,4.553525606,1,0.5620171577,36,6,0,0,F S,Brighton,Brighton,3,4.553525606,4.356782122,0.3541994113,Brighton,
534,Aaron Cresswell,31,2739,3,1.032538125,0,3.006656665,18,26,7,0,D,West Ham,West Ham,3,1.032538125,6.834942104,4.891463637,West Ham,
593,Aaron Lennon,16,466,0,0.02423142642,0,0.1580135822,1,2,4,0,M S,Burnley,Burnley,0,0.02423142642,0.2908954285,0.1086504199,Burnley,
6033,Aaron Mooy,31,2095,2,2.518191611,2,3.749102319,33,39,1,1,F M S,Brighton,Brighton,2,2.518191611,8.611672133,4.26419751,Brighton,
5603,Aaron Ramsdale,37,3330,0,0,1,0.5314233936,0,2,0,0,GK,Bournemouth,Bournemouth,0,0,2.167375199,1.635951802,Bournemouth,
5584,Aaron Wan-Bissaka,35,3075,0,0.8149191123,4,3.490916756,7,25,8,0,D M S,Manchester United,Man Utd,0,0.8149191123,14.16557976,11.52116862,Man Utd,
1726,Abdoulaye Doucouré,37,3189,4,5.280909617,2,4.084617623,61,38,8,0,M S,Watford,Watford,4,5.280909617,13.54045408,7.193617694,Watford,
8021,Adam Idah,12,197,0,0.8264870662,0,0.01502138004,6,1,0,0,F S,Norwich,Norwich,0,0.8264870662,0.8555927984,0.01408435032,Norwich,
486,Adam Lallana,15,362,1,0.8086850233,1,0.6536715552,5,4,1,0,M S,Liverpool,Liverpool,1,0.8086850233,3.720507052,2.313550264,Liverpool,
1441,Adam Masina,26,1818,1,0.8492825832,0,0.4176308392,15,10,3,0,D S,Watford,Watford,1,0.8492825832,2.981863494,2.145974055,Watford,
825,Adam Smith,24,2078,0,0.6926137796,1,1.273224204,4,10,7,0,D M,Bournemouth,Bournemouth,0,0.6926137796,5.350800078,4.599220164,Bournemouth,
7699,Adam Webster,31,2668,3,1.577792896,1,1.094376815,16,10,4,0,D,Brighton,Brighton,3,1.577792896,6.39076218,6.152603228,Brighton,
900,Adama Traoré,37,2596,4,3.707337396,9,7.551031334,43,49,1,0,F M S,Wolverhampton Wanderers,Wolves,4,3.707337396,15.27229515,5.655398901,Wolves,
527,Adrián,11,873,0,0,0,0,0,0,1,0,GK S,Liverpool,Liverpool,0,0,2.574331187,2.574331187,Liverpool,
524,Adrian Mariappa,20,1503,0,0.1671658717,0,0.2478996851,3,4,4,1,D S,Watford,Watford,0,0.1671658717,2.853157597,2.560190768,Watford,
1685,Ahmed El Mohamady,18,1007,1,0.1957340268,1,2.220943574,5,22,1,0,D M S,Aston Villa,Aston Villa,1,0.1957340268,3.627542907,2.72565309,Aston Villa,
1750,Ainsley Maitland-Niles,20,1372,0,0.5084081329,2,1.646096371,4,11,4,1,D S,Arsenal,Arsenal,0,0.5084081329,5.15650332,3.567148937,Arsenal,
8080,Akin Famewo,1,1,0,0,0,0,0,0,0,0,S,Norwich,Norwich,0,0,0,0,Norwich,
2673,Albian Ajeti,9,114,0,0.2023516838,0,0.03874383122,3,2,0,0,S,West Ham,West Ham,0,0.2023516838,0.273331942,0.03223643079,West Ham,
500,Alex Iwobi,25,1637,1,2.47862944,0,2.224674569,23,24,0,0,F M S,Everton,Everton,1,2.47862944,7.122992747,3.298394635,Everton,
635,Alex McCarthy,28,2520,0,0,0,0.02369353548,0,1,0,0,GK,Southampton,Southampton,0,0,3.154215794,3.130522259,Southampton,
966,Alex Oxlade-Chamberlain,30,1511,4,2.504467506,1,0.943688741,40,17,1,0,F M S,Liverpool,Liverpool,4,2.504467506,5.69325125,2.64896567,Liverpool,
791,Alexander Tettey,30,2372,1,0.6770779518,1,0.4899779018,23,5,5,0,D M S,Norwich,Norwich,1,0.6770779518,5.79071537,5.039048407,Norwich,
3277,Alexandre Lacazette,30,1890,10,8.664648203,4,3.342290916,52,24,8,0,F S,Arsenal,Arsenal,10,8.664648203,12.06130165,2.505634623,Arsenal,
8379,Alexis Mac Allister,9,357,0,0.5874678632,0,0.2033513142,7,5,0,0,F M S,Brighton,Brighton,0,0.5874678632,1.172587945,0.5007040575,Brighton,
6842,Alireza Jahanbakhsh,10,301,2,0.5862441808,0,0.9932846725,12,4,0,0,F M S,Brighton,Brighton,2,0.5862441808,1.588851389,0.7349357419,Brighton,
1257,Alisson,29,2545,0,0,1,0.2629152238,0,1,0,1,GK,Liverpool,Liverpool,0,0,6.831634546,6.568719337,Liverpool,
101,Allan Saint-Maximin,26,1896,3,2.942516947,4,4.331811693,46,33,0,0,F M S,Newcastle United,Newcastle,3,2.942516947,9.657795262,4.271792185,Newcastle,
2383,André Gomes,19,1457,0,0.2068473417,1,1.104507593,5,11,6,0,M S,Everton,Everton,0,0.2068473417,5.090313947,3.942985699,Everton,
1660,Andre Gray,23,725,2,2.589537688,0,1.86597465,19,10,1,0,F S,Watford,Watford,2,2.589537688,4.648880279,0.2978367396,Watford,
200,Andreas Christensen,21,1758,0,0.61414399,0,0.8512690179,7,4,5,0,D,Chelsea,Chelsea,0,0.61414399,6.598435763,6.25327969,Chelsea,
922,Andreas Pereira,25,1501,1,2.285591887,3,3.707923245,37,31,3,0,M S,Manchester United,Man Utd,1,2.285591887,8.948890056,4.526673386,Man Utd,
1688,Andrew Robertson,36,3114,2,1.81459292,12,7.897493236,22,60,2,0,D S,Liverpool,Liverpool,2,1.81459292,20.39599831,15.31265719,Liverpool,
460,Andrew Surman,5,230,0,0.02773614228,0,0.04897062108,1,1,1,0,M S,Bournemouth,Bournemouth,0,0.02773614228,0.9394944869,0.890523877,Bournemouth,
6274,Andriy Yarmolenko,23,979,5,2.625594977,1,3.426018501,26,19,2,0,M S,West Ham,West Ham,5,2.625594977,6.919684391,1.962578436,West Ham,
775,Andros Townsend,24,1272,1,0.3956621457,1,1.713790767,12,13,0,0,M S,Crystal Palace,Crystal Palace,1,0.3956621457,2.36252716,1.20086788,Crystal Palace,
537,Andy Carroll,19,582,0,1.494794494,4,0.9094429472,16,12,1,0,F S,Newcastle United,Newcastle,0,1.494794494,2.188728731,1.049436074,Newcastle,
5598,Angel Gomes,2,17,0,0,0,0.2292032838,0,2,0,0,S,Manchester United,Man Utd,0,0,0.2523972839,0.1622157842,Man Utd,
1040,Angelino,6,417,0,0.2092329338,0,1.923204936,5,9,1,0,D S,Manchester City,Man City,0,0.2092329338,2.763353288,2.369252861,Man City,
528,Angelo Ogbonna,31,2790,2,1.303147158,0,0.07013970427,13,2,4,0,D,West Ham,West Ham,2,1.303147158,2.947999261,2.816510731,West Ham,
5544,Angus Gunn,10,900,0,0,0,0,0,0,0,0,GK,Southampton,Southampton,0,0,0.4860546291,0.4860546291,Southampton,
8150,Anthony Gordon,11,438,0,0.3270713575,1,0.3399497494,6,6,0,0,M S,Everton,Everton,0,0.3270713575,0.8956372105,0.328934893,Everton,
553,Anthony Martial,32,2672,17,13.24049478,6,4.618776655,80,30,1,0,F S,Manchester United,Man Utd,17,12.47932606,20.40956319,6.357817467,Man Utd,
1822,Antonio Rüdiger,20,1710,2,0.9304546975,0,1.177513458,12,5,3,0,D S,Chelsea,Chelsea,2,0.9304546975,6.220131254,6.190619096,Chelsea,
5612,Anwar El Ghazi,34,2082,4,6.381360174,4,2.877201503,53,30,3,0,F M S,Aston Villa,Aston Villa,3,5.620191337,8.016558893,2.210284133,Aston Villa,
8384,Armando Broja,1,4,0,0,0,0,0,0,0,0,S,Chelsea,Chelsea,0,0,0.02087278292,0.02087278292,Chelsea,
8066,Arnaut Danjuma Groeneveld,14,614,0,1.048507299,0,0.1639102288,13,5,0,0,M S,Bournemouth,Bournemouth,0,1.048507299,1.204533551,0.2690830585,Bournemouth,
1760,Arthur Masuaku,17,925,0,0.09922112525,1,1.252851464,5,7,4,1,D M S,West Ham,West Ham,0,0.09922112525,3.070639553,2.874283677,West Ham,
4422,Ashley Barnes,19,1386,6,6.516927354,0,0.308820501,40,5,4,0,F S,Burnley,Burnley,5,5.755758502,5.060966618,1.574079214,Burnley,
669,Ashley Westwood,35,3150,2,1.175162575,6,7.076901875,13,54,9,0,M,Burnley,Burnley,2,1.175162575,9.225508247,6.144054685,Burnley,
631,Ashley Young,12,956,0,0.08267359249,0,1.668738812,3,19,5,0,D M S,Manchester United,Man Utd,0,0.08267359249,3.162055077,2.879492687,Man Utd,
934,Axel Tuanzebe,5,186,0,0,0,0,0,0,0,0,D S,Manchester United,Man Utd,0,0,0.1738492474,0.1738492474,Man Utd,
2498,Aymeric Laporte,15,1112,1,0.7192277312,0,0.1790373102,4,3,1,0,D S,Manchester City,Man City,1,0.7192277312,7.432042468,7.252388287,Man City,
770,Ayoze Pérez,33,2045,8,6.557796832,4,4.091643615,47,28,0,0,F M S,Leicester,Leicester,7,5.796627995,12.85032268,4.473776834,Leicester,
782,Ben Chilwell,27,2382,3,1.097727578,3,3.535527088,16,33,3,0,D M,Leicester,Leicester,3,1.097727578,10.08815698,8.040457761,Leicester,
660,Ben Davies,18,1434,0,0.2192515414,0,0.9578831643,7,9,6,0,D M S,Tottenham,Spurs,0,0.2192515414,4.067890851,3.523901632,Spurs,
803,Ben Foster,38,3420,0,0.3458039165,0,0.03670657054,1,1,1,0,GK,Watford,Watford,0,0.3458039165,1.580454676,1.543748102,Watford,
7689,Ben Godfrey,30,2649,0,0.8582227929,0,0.07431055047,15,3,3,1,D,Norwich,Norwich,0,0.8582227929,6.353033338,6.246153906,Norwich,
6424,Ben Johnson,3,270,0,0.01531477179,0,0.02896940894,1,1,0,0,D,West Ham,West Ham,0,0.01531477179,0.4228672236,0.4228672236,West Ham,
1654,Ben Mee,32,2880,1,1.304819609,1,1.779614417,17,9,7,0,D,Burnley,Burnley,1,1.304819609,1.880477197,1.744089734,Burnley,
7714,Ben Osborn,13,586,0,0.195210319,0,0.8878793344,3,7,0,0,M S,Sheffield United,Sheffield Utd,0,0.195210319,2.333208814,1.588596284,Sheffield Utd,
3389,Benjamin Mendy,19,1508,0,0.3174633514,3,1.626008035,10,21,3,0,D M S,Manchester City,Man City,0,0.3174633514,10.95017843,10.00816064,Man City,
7063,Bernard,27,1267,3,1.697565462,2,2.303722244,12,24,2,0,M S,Everton,Everton,3,1.697565462,6.573716749,3.049445613,Everton,
5245,Bernardo,14,678,0,0.4542924184,0,0.9403805733,7,4,1,0,D M S,Brighton,Brighton,0,0.4542924184,2.120071644,1.333890948,Brighton,
3635,Bernardo Silva,34,2020,6,7.420340553,7,6.312828656,52,51,5,0,F M S,Manchester City,Man City,6,7.420340553,23.83779613,14.72735246,Man City,
181,Bernd Leno,30,2649,0,0,0,0,0,0,2,0,GK,Arsenal,Arsenal,0,0,4.038202188,4.038202188,Arsenal,
7988,Billy Gilmour,6,190,0,0.02842735313,0,0.1880257018,1,4,0,0,M S,Chelsea,Chelsea,0,0.02842735313,1.926147915,1.738122299,Chelsea,
7712,Billy Sharp,25,1045,3,4.138954329,2,3.010327695,16,15,1,1,F S,Sheffield United,Sheffield Utd,3,4.138954329,5.81258146,1.03714823,Sheffield Utd,
7152,Björn Engels,17,1447,1,0.7842208203,0,0.1433622651,8,2,1,0,D S,Aston Villa,Aston Villa,1,0.7842208203,3.801219388,3.748132407,Aston Villa,
1701,Borja Bastón,2,9,0,0,0,0,0,0,0,0,S,Aston Villa,Aston Villa,0,0,0,0,Aston Villa,
8216,Brandon Pierrick,2,10,0,0,0,0.09551873803,0,2,0,0,S,Crystal Palace,Crystal Palace,0,0,0.09551873803,0,Crystal Palace,
8075,Brandon Williams,17,1005,1,0.9978843369,0,0.6670700368,6,13,6,0,D M S,Manchester United,Man Utd,1,0.9978843369,5.710485708,4.348557124,Man Utd,
1228,Bruno Fernandes,14,1211,8,5.986080505,7,2.755000275,44,30,2,0,M,Manchester United,Man Utd,4,2.941441901,8.513760548,4.864245452,Man Utd,
6336,Bruno Jordao,1,1,0,0,0,0.04612561315,0,1,0,0,S,Wolverhampton Wanderers,Wolves,0,0,0,0,Wolves,
7322,Bukayo Saka,26,1769,1,1.142438736,5,3.680353556,13,21,6,0,D F M S,Arsenal,Arsenal,1,1.142438736,7.812505633,5.022924855,Arsenal,
5264,Caglar Söyüncü,34,3042,1,1.431615431,1,0.3101936616,17,5,4,1,D,Leicester,Leicester,1,1.431615431,6.562317109,6.455812385,Leicester,
6456,Callum Hudson-Odoi,22,816,1,2.015142947,5,2.708166324,21,20,1,0,F M S,Chelsea,Chelsea,1,2.015142947,7.247335625,3.847064415,Chelsea,
4476,Callum Robinson,16,674,1,1.561250001,1,0.6526464708,12,4,1,0,F S,Sheffield United,Sheffield Utd,1,1.561250001,2.835600728,0.7018386433,Sheffield Utd,
468,Callum Wilson,35,2916,8,9.842873976,1,3.349536281,53,30,10,0,F S,Bournemouth,Bournemouth,8,9.842873976,12.56294923,2.707836364,Bournemouth,
508,Calum Chambers,14,1102,1,0.6329495339,1,2.241443794,12,7,5,0,D S,Arsenal,Arsenal,1,0.6329495339,4.406148262,3.210471027,Arsenal,
667,Carlos Sánchez,6,107,0,0,0,0,0,0,0,0,M S,West Ham,West Ham,0,0,0.2528740615,0.2528740615,West Ham,
847,Cédric Soares,21,1567,1,0.6565496931,1,0.8299598508,10,12,1,0,D M S,"Arsenal,Southampton",Southampton,1,0.6565496931,3.043896351,1.997348931,Arsenal,
6477,Cenk Tosun,10,467,2,1.912885755,0,0.6228388315,15,5,0,0,F S,"Crystal Palace,Everton",Everton,2,1.912885755,2.320384614,0.2623028755,Everton,
681,César Azpilicueta,36,3234,2,2.594344435,6,6.033903409,29,45,1,0,D M,Chelsea,Chelsea,2,2.594344435,18.32702097,14.6431766,Chelsea,
459,Charlie Daniels,2,126,0,0,0,0.1417223662,0,2,0,0,D,Bournemouth,Bournemouth,0,0,0.4943442643,0.4184972346,Bournemouth,
6044,Charlie Taylor,24,1938,0,0.01400625706,1,0.8630979043,1,12,3,0,D S,Burnley,Burnley,0,0.01400625706,3.498769421,3.250042129,Burnley,
7700,Che Adams,30,1096,4,5.865681563,2,1.988808864,36,13,0,0,F S,Southampton,Southampton,4,5.865681563,7.280021018,1.205721572,Southampton,
532,Cheikhou Kouyaté,35,2560,1,2.117945788,1,0.7690878008,24,10,4,0,D M S,Crystal Palace,Crystal Palace,1,2.117945788,3.46302138,1.339796004,Crystal Palace,
191,Chicharito,2,107,1,0.8829848766,0,0,3,0,0,0,F S,West Ham,West Ham,1,0.8829848766,0.8958585262,0.0704786852,West Ham,
7704,Chris Basham,38,3275,0,0.3295389237,1,1.312220134,6,13,4,0,D,Sheffield United,Sheffield Utd,0,0.3295389237,4.455961814,4.018944854,Sheffield Utd,
7384,Chris Mepham,12,909,1,1.053304762,0,0.07673638314,7,1,1,0,D S,Bournemouth,Bournemouth,1,1.053304762,0.9437225051,0.7480950877,Bournemouth,
4456,Chris Wood,32,2462,14,17.22620152,1,1.470996089,65,22,1,0,F S,Burnley,Burnley,13,16.46503271,12.64265088,2.455410915,Burnley,
2344,Christian Atsu,19,733,0,0.2463567238,3,0.7123019937,5,13,2,0,M S,Newcastle United,Newcastle,0,0.2463567238,1.533489108,0.7073047198,Newcastle,
606,Christian Benteke,24,1249,2,4.627831593,1,2.459479935,41,19,4,1,F S,Crystal Palace,Crystal Palace,2,4.627831593,6.465700822,0.7189465072,Crystal Palace,
646,Christian Eriksen,20,1075,2,1.764430705,2,2.259517334,26,23,5,0,F M S,Tottenham,Spurs,2,1.764430705,4.081463946,1.779374362,Spurs,
749,Christian Fuchs,11,760,0,0.1832248094,0,0.1009338349,5,2,0,0,D M S,Leicester,Leicester,0,0.1832248094,4.192030072,4.115167767,Leicester,
1725,Christian Kabasele,27,2261,0,0.8253115127,2,0.6392174754,9,5,1,2,D S,Watford,Watford,0,0.8253115127,2.303734001,2.278400663,Watford,
2662,Christian Pulisic,25,1738,9,8.925186411,4,4.296079734,63,30,0,0,F M S,Chelsea,Chelsea,9,8.925186411,16.7466635,7.069776656,Chelsea,
7990,Christoph Zimmermann,17,1424,0,0.2578011816,1,0.07527197711,6,2,3,0,D S,Norwich,Norwich,0,0.2578011816,2.754293101,2.70889226,Norwich,
875,Ciaran Clark,14,1192,2,0.7519120462,0,0.05486181378,6,1,3,0,D,Newcastle United,Newcastle,2,0.7519120462,2.049424434,2.008845856,Newcastle,
1731,Claudio Bravo,4,347,0,0,0,0,0,0,0,0,GK S,Manchester City,Man City,0,0,0.7041245028,0.7041245028,Man City,
519,Connor Wickham,6,78,1,1.115554228,1,0.4237448163,3,3,0,0,S,Crystal Palace,Crystal Palace,1,1.115554228,1.451029047,0.01951832324,Crystal Palace,
6851,Conor Coady,38,3420,0,0,0,0.5321237147,0,5,5,0,D,Wolverhampton Wanderers,Wolves,0,0,9.533743877,9.087924179,Wolves,
7721,Conor Hourihane,27,1549,3,1.628339322,5,5.731440917,29,38,4,0,M S,Aston Villa,Aston Villa,3,1.628339322,6.007942509,3.157467728,Aston Villa,
581,Craig Cathcart,29,2490,0,0.1851756275,0,0.07538784668,2,2,7,0,D S,Watford,Watford,0,0.1851756275,2.232964621,2.1953315,Watford,
804,Craig Dawson,29,2356,2,2.240868636,0,0.3374612331,26,5,6,0,D S,Watford,Watford,2,2.240868636,4.197167753,3.989171052,Watford,
6665,Curtis Jones,6,108,1,0.8147163466,0,0,6,0,0,0,M S,Liverpool,Liverpool,1,0.8147163466,1.367407814,0.9333235323,Liverpool,
6051,Dale Stephens,33,2528,0,0.4441342307,1,1.247191878,19,18,8,0,M S,Brighton,Brighton,0,0.4441342307,7.186789788,6.239625992,Brighton,
7382,Dan Burn,34,2879,0,1.905361064,0,1.673676011,13,20,5,0,D M S,Brighton,Brighton,0,1.905361064,7.785169064,6.515010974,Brighton,
462,Dan Gosling,24,1255,3,2.929863861,1,1.369174778,13,10,3,0,M S,Bournemouth,Bournemouth,3,2.929863861,3.787046971,1.441902149,Bournemouth,
2446,Dani Ceballos,24,1722,0,0.4700741358,2,1.576143669,13,28,1,0,M S,Arsenal,Arsenal,0,0.4700741358,8.663117463,7.352911368,Arsenal,
752,Daniel Drinkwater,5,331,0,0.09826851636,0,0.04028614238,2,1,1,0,M,"Aston Villa,Burnley",Aston Villa,0,0.09826851636,0.8360577337,0.7377892174,Chelsea,
5595,Daniel James,33,2291,3,3.603131093,6,4.264184529,42,26,4,0,F M S,Manchester United,Man Utd,3,3.603131093,11.15898939,5.398974547,Man Utd,
8291,Daniel Podence,9,284,1,1.35931433,0,0.7727443874,10,5,0,0,F S,Wolverhampton Wanderers,Wolves,1,1.35931433,2.383341692,0.5978078842,Wolves,
986,Danny Ings,38,2836,22,15.65971717,2,2.849085093,93,35,3,0,F M S,Southampton,Southampton,21,14.13737948,18.4880315,5.015938126,Southampton,
641,Danny Rose,23,1766,0,0.08819849417,0,0.8805743009,2,14,7,0,D M S,"Newcastle United,Tottenham",Newcastle,0,0.08819849417,2.99389316,2.684895511,Newcastle,
501,Danny Welbeck,18,791,2,3.385595039,0,0.2354272772,22,3,0,0,F M S,Watford,Watford,2,3.385595039,3.556654464,0.2847990179,Watford,
540,Darren Randolph,2,180,0,0,0,0,0,0,0,0,GK,West Ham,West Ham,0,0,0,0,West Ham,
764,Daryl Janmaat,8,611,0,0.3307649661,1,0.3983301111,4,6,1,0,D M S,Watford,Watford,0,0.3307649661,1.803520592,1.27393504,Watford,
6820,David Brooks,9,533,1,0.4326113164,0,0.5346464301,6,6,1,0,M S,Bournemouth,Bournemouth,1,0.4326113164,0.8643900305,0.1321054567,Bournemouth,
546,David de Gea,38,3420,0,0,0,0,0,0,2,0,GK,Manchester United,Man Utd,0,0,4.695210683,4.695210683,Man Utd,
1676,David Luiz,33,2818,2,1.560153572,1,0.7974880058,23,4,5,2,D S,Arsenal,Arsenal,2,1.560153572,9.724225353,8.911323082,Arsenal,
8082,David Martin,5,436,0,0,0,0,0,0,1,0,GK S,West Ham,West Ham,0,0,0.1621192098,0.1621192098,West Ham,
7711,David McGoldrick,28,1841,2,8.715956422,2,2.095128213,45,17,2,0,F S,Sheffield United,Sheffield Utd,2,8.715956422,12.23881134,3.086360356,Sheffield Utd,
617,David Silva,27,1846,5,6.932368677,10,7.650987539,46,49,0,0,M S,Manchester City,Man City,5,6.932368677,24.68700399,12.76422046,Man City,
6249,Davinson Sánchez,29,2433,0,0.7553703748,0,0.03628891706,7,1,6,0,D S,Tottenham,Spurs,0,0.7553703748,7.255796818,7.219507901,Spurs,
6050,Davy Pröpper,35,2826,1,1.866220035,2,2.977776509,29,29,4,0,M S,Brighton,Brighton,1,1.866220035,11.8928247,8.669299828,Brighton,
7702,Dean Henderson,36,3240,0,0.03304080665,0,0.02186881937,1,1,2,0,GK,Sheffield United,Sheffield Utd,0,0.03304080665,0.2936276719,0.2936276719,Sheffield Utd,
727,DeAndre Yedlin,16,935,1,0.751930058,0,0.2669152804,1,7,3,0,D M S,Newcastle United,Newcastle,1,0.751930058,2.288469603,1.339944096,Newcastle,
5553,Declan Rice,38,3420,1,1.26638991,3,1.306303457,31,22,6,0,D M,West Ham,West Ham,1,1.26638991,8.693383524,7.636568044,West Ham,
602,Dejan Lovren,10,774,0,0.2041400857,1,0.3019883037,5,1,1,0,D S,Liverpool,Liverpool,0,0.2041400857,3.091093484,3.091093484,Liverpool,
645,Dele Alli,25,1862,8,7.915494641,4,3.483860461,42,23,2,0,F M S,Tottenham,Spurs,7,7.154325774,16.53097519,6.692906079,Spurs,
762,Demarai Gray,21,580,2,2.76719665,3,2.233955882,23,16,1,0,M S,Leicester,Leicester,2,2.006027812,4.819445711,1.811534118,Leicester,
1234,Dennis Praet,27,1124,1,1.20771589,2,1.492880721,16,9,2,0,M S,Leicester,Leicester,1,1.20771589,6.806874417,5.090953033,Leicester,
7822,Dennis Srbeny,8,29,1,0.4821467623,0,0,2,0,0,0,S,Norwich,Norwich,1,0.4821467623,0.4334107041,0,Norwich,
5065,Diego Rico,27,2346,0,0.3365948098,4,2.5829773,11,31,6,0,D M,Bournemouth,Bournemouth,0,0.3365948098,4.199680838,3.412198318,Bournemouth,
2509,Dimitri Foulquier,3,52,0,0,0,0,0,0,0,0,M S,Watford,Watford,0,0,0,0,Watford,
7281,Diogo Dalot,4,65,0,0.3715598285,0,0,1,0,0,0,D S,Manchester United,Man Utd,0,0.3715598285,0.3903809693,0.01882114075,Man Utd,
6854,Diogo Jota,34,2329,7,12.01767508,1,2.642562356,69,29,4,0,F M S,Wolverhampton Wanderers,Wolves,7,12.01767508,16.14993271,4.09800736,Wolves,
484,Divock Origi,28,680,4,2.096560309,1,0.8253554404,14,8,1,0,F S,Liverpool,Liverpool,4,2.096560309,3.536445742,0.8342474476,Liverpool,
3357,Djibril Sidibe,25,1806,0,0.3015670907,4,2.564887006,12,19,3,0,D M S,Everton,Everton,0,0.3015670907,7.775435114,5.019268615,Everton,
5573,Domingos Quina,4,9,0,0.02132098377,0,0,1,0,0,0,S,Watford,Watford,0,0.02132098377,0.02132098377,0,Watford,
5555,Dominic Calvert-Lewin,36,2639,13,16.10984292,1,1.336224832,85,15,9,0,F S,Everton,Everton,13,16.10984292,17.21249953,3.896764422,Everton,
1679,Dominic Solanke,32,1617,3,4.439334521,1,1.05356199,32,15,1,0,F M S,Bournemouth,Bournemouth,3,4.439334521,6.863944223,2.417156931,Bournemouth,
6122,Douglas Luiz,36,2602,3,2.277795438,2,2.004114667,38,17,8,0,M S,Aston Villa,Aston Villa,3,2.277795438,5.569815008,3.396517634,Aston Villa,
743,Dwight Gayle,20,856,4,4.639500037,2,0.890067921,23,6,2,0,F S,Newcastle United,Newcastle,4,4.639500037,5.124921843,1.841265086,Newcastle,
6756,Dwight McNeil,38,3360,2,1.938933546,6,7.56243,48,55,5,0,M,Burnley,Burnley,2,1.938933546,10.70158816,3.791263087,Burnley,
6482,Eddie Nketiah,13,629,2,3.4787293,0,0.6311747013,15,5,0,1,F S,Arsenal,Arsenal,2,3.4787293,4.134649701,0.5784081593,Arsenal,
6054,Ederson,35,3071,0,0,0,0.0747935921,0,1,3,1,GK,Manchester City,Man City,0,0,8.338199552,8.263405945,Man City,
1245,Emerson,15,1019,0,1.099134436,0,1.687928706,13,19,3,0,D M S,Chelsea,Chelsea,0,1.099134436,6.990983002,5.515447676,Chelsea,
1545,Emil Krafth,17,1024,0,0.3526870701,1,0.7032874823,4,1,0,0,D M S,Newcastle United,Newcastle,0,0.3526870701,1.795727298,0.7397527453,Newcastle,
7230,Emile Smith-Rowe,2,96,0,0,0,0,0,0,0,0,M S,Arsenal,Arsenal,0,0,0,0,Arsenal,
2203,Emiliano Buendía,36,2462,1,2.169868305,7,7.190962212,40,83,6,1,M S,Norwich,Norwich,1,2.169868305,12.54794856,7.511154667,Norwich,
4401,Emiliano Martinez,9,771,0,0,0,0,0,0,2,0,GK S,Arsenal,Arsenal,0,0,0.9078718461,0.9078718461,Arsenal,
7707,Enda Stevens,38,3350,2,1.521256872,4,5.414862501,22,34,7,0,M,Sheffield United,Sheffield Utd,2,1.521256872,13.60974467,10.10498678,Sheffield Utd,
1739,Eric Bailly,4,142,0,0,0,0,0,0,0,0,D S,Manchester United,Man Utd,0,0,0.5180247556,0.5180247556,Man Utd,
643,Eric Dier,19,1339,0,1.029715933,2,0.2836804967,8,7,5,0,D M S,Tottenham,Spurs,0,1.029715933,5.148773747,4.25066315,Spurs,
8045,Eric Garcia,13,780,0,0.6039481759,0,0.2226095088,2,2,1,0,D S,Manchester City,Man City,0,0.6039481759,4.964900881,4.964900881,Man City,
644,Erik Lamela,25,1190,2,2.30997267,1,1.011313845,29,18,3,0,F M S,Tottenham,Spurs,2,2.30997267,6.637918632,4.436078742,Spurs,
887,Erik Pieters,24,1880,0,0.4510198841,4,2.698189762,14,18,2,0,D M S,Burnley,Burnley,0,0.4510198841,5.004477552,2.330093649,Burnley,
572,Etienne Capoue,30,2643,0,0.6416583098,3,2.543247055,19,19,8,0,M,Watford,Watford,0,0.6416583098,8.066860909,6.257090844,Watford,
3873,Ezequiel Schelotto,8,362,0,0.2549649384,0,0,4,0,1,0,D M S,Brighton,Brighton,0,0.2549649384,0.49947959,0.2445146553,Brighton,
7726,Ezri Konsa Ngoyo,25,2054,1,1.669818348,2,0.8850578181,11,11,3,0,D S,Aston Villa,Aston Villa,1,1.669818348,2.952718263,2.549149277,Aston Villa,
6892,Fabián Balbuena,17,1174,1,1.338660404,0,0.4616926908,10,1,2,0,D S,West Ham,West Ham,1,1.338660404,1.545749985,1.545749985,West Ham,
876,Fabian Delph,16,1194,0,0.04571057204,0,0.4789176751,3,7,3,1,M S,Everton,Everton,0,0.04571057204,5.085359991,4.884202838,Everton,
76,Fabian Schär,22,1675,2,1.059588282,0,0.10137989,20,4,5,0,D M S,Newcastle United,Newcastle,2,1.059588282,2.578661961,1.865305668,Newcastle,
3420,Fabinho,28,2063,2,0.3081015255,3,1.675140117,12,19,6,0,M S,Liverpool,Liverpool,2,0.3081015255,11.5025769,10.2851079,Liverpool,
8383,Faustino Anjorin,1,19,0,0.01668262109,0,0,1,0,0,0,S,Chelsea,Chelsea,0,0.01668262109,0.01668262109,0,Chelsea,
708,Federico Fernández,32,2610,2,1.781357942,2,1.465211019,15,4,8,0,D S,Newcastle United,Newcastle,2,1.781357942,4.351393968,3.797487251,Newcastle,
1208,Felipe Anderson,25,1531,1,2.634846702,4,2.64747778,23,25,1,0,M S,West Ham,West Ham,1,2.634846702,8.100950414,3.814729502,West Ham,
614,Fernandinho,30,2401,0,0.7617592216,1,0.4479127042,16,8,7,2,D M S,Manchester City,Man City,0,0.7617592216,16.46185849,16.19297589,Man City,
703,Fikayo Tomori,15,1299,1,0.5629753815,0,0.1198766008,7,4,3,0,D,Chelsea,Chelsea,1,0.5629753815,5.061155995,4.995166844,Chelsea,
5073,Florian Lejeune,6,442,2,0.3811470969,0,0.05124922469,4,1,0,0,D S,Newcastle United,Newcastle,2,0.3811470969,0.2689422891,0.206484098,Newcastle,
4068,Florin Andone,3,69,1,0.3645962477,0,0.05819628388,1,1,0,1,F S,Brighton,Brighton,1,0.3645962477,0.3645962477,0,Brighton,
6817,Fred,29,2147,0,1.591740058,0,2.314132543,40,35,8,0,M S,Manchester United,Man Utd,0,1.591740058,12.0332467,9.726845287,Man Utd,
3253,Frederic Guilbert,25,2045,0,0.4175967816,2,1.389764119,8,13,6,0,D M S,Aston Villa,Aston Villa,0,0.4175967816,4.420983244,3.741674721,Aston Villa,
5543,Gabriel Jesus,34,2022,14,21.0152013,7,3.598858256,101,32,3,0,F S,Manchester City,Man City,14,20.25403243,27.65223386,7.181309737,Man City,
7752,Gabriel Martinelli,14,643,3,2.242483456,0,0.1135418843,12,2,1,0,M S,Arsenal,Arsenal,3,2.242483456,2.99593303,0.6399076562,Arsenal,
6105,Gaëtan Bong,4,53,0,0,0,0.1189888492,0,2,0,0,S,Brighton,Brighton,0,0,0.1566527095,0.03766385932,Brighton,
699,Gary Cahill,25,2167,0,1.610497998,1,0.4316556118,21,3,1,0,D,Crystal Palace,Crystal Palace,0,1.610497998,1.811500825,1.751877161,Crystal Palace,
8257,Gedson Fernandes,7,51,0,0.01995056309,0,0.09191018716,1,2,0,0,S,Tottenham,Spurs,0,0.01995056309,0.2679602224,0.1560994722,Spurs,
7706,George Baldock,38,3420,2,0.7630057875,3,1.62530896,13,22,7,0,M,Sheffield United,Sheffield Utd,2,0.7630057875,8.718191016,7.147828612,Sheffield Utd,
8563,George Hirst,2,5,0,0.1006027926,0,0,3,0,0,0,S,Leicester,Leicester,0,0.1006027926,0.02122309618,0,Leicester,
1729,Georges-Kévin Nkoudou,1,1,0,0.05635842308,0,0,1,0,0,0,S,Tottenham,Spurs,0,0.05635842308,0.05635842308,0,Spurs,
771,Georginio Wijnaldum,37,2980,4,2.651081571,0,0.808545718,36,18,0,0,M S,Liverpool,Liverpool,4,2.651081571,13.4786532,10.85671391,Liverpool,
591,Gerard Deulofeu,28,2137,4,6.213232521,5,4.786341347,63,43,4,0,F M S,Watford,Watford,3,5.452063657,11.51365806,3.673295915,Watford,
5681,Giovani Lo Celso,28,1477,0,1.379527796,2,1.707291834,18,29,6,0,M S,Tottenham,Spurs,0,1.379527796,7.932056021,5.939790461,Spurs,
882,Glenn Murray,23,761,1,2.606120537,1,0.8675273359,18,3,0,0,F S,Brighton,Brighton,1,2.606120537,3.274798197,0.6036569551,Brighton,
204,Granit Xhaka,31,2598,1,0.5712299095,2,0.972196633,11,16,10,0,M S,Arsenal,Arsenal,1,0.5712299095,12.97385988,12.26305776,Arsenal,
7690,Grant Hanley,15,1261,0,0.439899426,0,0,8,0,4,0,D S,Norwich,Norwich,0,0.439899426,1.799297087,1.799297087,Norwich,
714,Gylfi Sigurdsson,35,2580,2,4.019367754,3,4.011605945,46,52,3,0,M S,Everton,Everton,1,3.258198898,11.04620074,7.521261834,Everton,
6418,Hamza Choudhury,20,879,1,0.3366532791,1,0.1128376424,7,4,2,1,M S,Leicester,Leicester,1,0.3366532791,2.745781757,2.528091561,Leicester,
647,Harry Kane,29,2595,18,13.29706595,2,3.117006309,82,27,4,0,F,Tottenham,Spurs,16,11.77476505,16.85461588,3.051301309,Spurs,
1687,Harry Maguire,38,3420,1,2.772249752,0,0.4539246932,31,16,6,0,D,Manchester United,Man Utd,1,2.772249752,12.0299432,11.71480491,Man Utd,
5596,Harry Wilson,31,1672,7,4.16500081,0,2.217743622,56,14,2,0,F M S,Bournemouth,Bournemouth,7,4.16500081,7.921821792,4.210727058,Bournemouth,
971,Harry Winks,31,2236,0,0.3900795691,0,0.8992681,14,17,9,0,M S,Tottenham,Spurs,0,0.3900795691,7.997803209,7.140216051,Spurs,
6681,Harvey Barnes,36,2094,6,8.480619835,8,4.085434273,61,35,0,0,F M S,Leicester,Leicester,6,8.480619835,17.09378569,6.48778346,Leicester,
7546,Harvey Elliott,2,5,0,0,0,0,0,0,0,0,S,Liverpool,Liverpool,0,0,0,0,Liverpool,
492,Héctor Bellerín,15,1164,1,0.4325046167,0,0.4499826059,7,3,2,0,D M S,Arsenal,Arsenal,1,0.4325046167,4.19036074,3.453754239,Arsenal,
7727,Henri Lansbury,10,186,0,0.05322895199,0,0.06579376012,2,2,0,0,M S,Aston Villa,Aston Villa,0,0.05322895199,0.4618245736,0.361035347,Aston Villa,
317,Henrikh Mkhitaryan,3,109,0,0.4295179099,0,0.274301976,2,2,1,0,M S,Arsenal,Arsenal,0,0.4295179099,0.8670729101,0.2900707126,Arsenal,
637,Hugo Lloris,21,1808,0,0,0,0,0,0,0,0,GK,Tottenham,Spurs,0,0,0.6128968094,0.6128968094,Spurs,
3358,Ibrahim Amadou,11,757,0,0.5927500073,0,0.05028622225,6,1,1,0,D M S,Norwich,Norwich,0,0.5927500073,1.24645482,1.150982291,Norwich,
6997,Ignacio Pussetto,7,48,0,0,0,0,0,0,1,0,S,Watford,Watford,0,0,0,0,Watford,
314,Ilkay Gündogan,31,2006,2,4.346703093,1,2.919196378,32,34,7,0,M S,Manchester City,Man City,1,2.824402241,19.26157467,15.24622955,Man City,
8254,Indiana Vassilev,4,35,0,0.03281444311,0,0,1,0,0,0,S,Aston Villa,Aston Villa,0,0.03281444311,0.03281444311,0,Aston Villa,
6062,Isaac Hayden,29,2224,1,1.390735574,2,2.533773718,18,15,4,1,D M S,Newcastle United,Newcastle,1,1.390735574,7.82953654,4.89385092,Newcastle,
1724,Isaac Success,5,54,0,0.09479810297,0,0.05467768759,1,1,1,0,S,Watford,Watford,0,0.09479810297,0.194449693,0.04497389868,Watford,
5675,Ismaila Sarr,28,2038,5,5.968198502,4,4.351109144,43,25,1,0,F M S,Watford,Watford,5,5.968198502,11.6523366,3.366789443,Watford,
3203,Issa Diop,32,2767,3,1.795262912,1,1.828402793,16,5,8,0,D S,West Ham,West Ham,3,1.795262912,3.843444647,3.618653284,West Ham,
712,Jack Cork,30,2627,0,1.345175726,0,1.172848172,18,12,1,0,M,Burnley,Burnley,0,1.345175726,6.311918277,4.833094614,Burnley,
675,Jack Grealish,36,3235,8,6.844703699,6,7.637995329,73,92,8,0,F M,Aston Villa,Aston Villa,8,6.083534846,18.37364167,9.304536566,Aston Villa,
7705,Jack O'Connell,33,2913,0,0.8287773207,1,3.557616675,14,16,4,0,D S,Sheffield United,Sheffield Utd,0,0.8287773207,7.513776335,6.322382801,Sheffield Utd,
8286,Jack Robinson,6,507,0,0,0,0.1481659748,0,2,0,0,D,Sheffield United,Sheffield Utd,0,0,1.092676114,0.9445101414,Sheffield Utd,
733,Jack Rodwell,1,13,0,0,0,0,0,0,0,0,S,Sheffield United,Sheffield Utd,0,0,0,0,Sheffield Utd,
6410,Jack Simpson,4,237,0,0.01181875169,0,0.03468532115,1,1,0,0,D S,Bournemouth,Bournemouth,0,0.01181875169,0.04650407284,0,Bournemouth,
7823,Jack Stacey,19,1553,0,0.5616067871,2,2.406902581,5,10,2,0,D S,Bournemouth,Bournemouth,0,0.5616067871,5.17683972,3.120716247,Bournemouth,
1735,Jack Stephens,28,2456,1,0.9333294556,3,1.174786873,6,8,4,1,D S,Southampton,Southampton,1,0.9333294556,5.805270739,4.653188629,Southampton,
1036,Jack Wilshere,8,197,0,0,0,0,0,0,0,0,M S,West Ham,West Ham,0,0,0.5077891946,0.5077891946,West Ham,
6027,Jairo Riedewald,17,747,0,0.04698867071,0,0.2108974457,3,2,0,0,D M S,Crystal Palace,Crystal Palace,0,0.04698867071,1.32526215,1.193236528,Crystal Palace,
8493,Jake Vokins,1,90,0,0.01328416169,0,0.09659572691,1,1,0,0,D,Southampton,Southampton,0,0.01328416169,0.5018613935,0.4885772169,Southampton,
766,Jamaal Lascelles,24,2084,1,0.4411915848,0,0.1419747695,9,2,5,0,D,Newcastle United,Newcastle,1,0.4411915848,2.998541767,2.853571115,Newcastle,
7691,Jamal Lewis,28,2311,1,0.3487264607,0,1.011701008,9,15,4,0,D S,Norwich,Norwich,1,0.3487264607,4.066843003,2.890742601,Norwich,
7438,James Garner,1,5,0,0,0,0,0,0,0,0,S,Manchester United,Man Utd,0,0,0.03625577688,0.03625577688,Man Utd,
7753,James Justin,13,1005,0,0.267881128,1,1.079851244,7,12,1,0,D M S,Leicester,Leicester,0,0.267881128,4.534260921,3.331790112,Leicester,
6818,James Maddison,31,2632,6,5.021774916,3,5.768516241,74,79,4,0,M S,Leicester,Leicester,6,5.021774916,14.3790017,8.763976753,Leicester,
633,James McArthur,37,3145,0,1.805841227,3,2.996064655,28,34,6,0,M,Crystal Palace,Crystal Palace,0,1.805841227,7.98980388,4.762050416,Crystal Palace,
589,James McCarthy,33,1641,0,0.4151825262,0,1.398389746,12,17,9,0,M S,Crystal Palace,Crystal Palace,0,0.4151825262,3.684040502,2.971497422,Crystal Palace,
489,James Milner,22,895,2,2.164733507,2,0.9346521161,12,11,4,0,D M S,Liverpool,Liverpool,0,0.6423958018,6.646241307,5.740981162,Liverpool,
1665,James Tarkowski,38,3420,2,2.621869174,2,3.587190253,21,15,10,0,D,Burnley,Burnley,2,2.621869174,3.144728767,2.991728919,Burnley,
530,James Tomkins,18,1589,1,1.054326991,1,0.1189458892,9,2,5,0,D,Crystal Palace,Crystal Palace,1,1.054326991,2.64926759,2.5303217,Crystal Palace,
843,James Ward-Prowse,38,3420,5,7.061390931,3,5.76154747,57,61,9,0,D M,Southampton,Southampton,4,4.777884329,13.29220022,9.146257374,Southampton,
755,Jamie Vardy,35,3034,23,18.90353732,5,6.36829756,89,32,3,0,F S,Leicester,Leicester,19,15.09769312,21.02660731,1.724340666,Leicester,
6042,Jan Bednarek,34,3059,1,1.060794048,1,1.09412053,7,3,4,0,D,Southampton,Southampton,1,1.060794048,4.889748644,4.872771088,Southampton,
640,Jan Vertonghen,23,1651,1,0.637748884,1,1.017921805,4,3,2,0,D M S,Tottenham,Spurs,1,0.637748884,4.369382696,3.715995932,Spurs,
111,Jannik Vestergaard,19,1500,1,0.6769367196,0,0.7554682996,12,6,3,0,D S,Southampton,Southampton,1,0.6769367196,3.913532881,3.750416284,Southampton,
8222,Japhet Tanganga,6,528,0,0.05346821621,0,0.02911781892,3,1,1,0,D M,Tottenham,Spurs,0,0.05346821621,0.7489598095,0.7084570266,Spurs,
8476,Jarrad Branthwaite,4,296,0,0,0,0,0,0,0,0,D S,Everton,Everton,0,0,1.471693017,1.471693017,Everton,
1776,Jarrod Bowen,13,935,1,2.31647383,4,2.612398013,24,15,0,0,M S,West Ham,West Ham,1,2.31647383,5.648861565,2.029872507,West Ham,
1719,Javier Manquillo,21,1598,0,0.03594760597,1,0.2627807371,1,5,5,0,D M S,Newcastle United,Newcastle,0,0.03594760597,3.059056005,2.839415492,Newcastle,
844,Jay Rodriguez,36,1987,8,8.956882774,1,0.7683108971,67,6,1,0,F S,Burnley,Burnley,7,8.195713877,7.035942082,1.257896686,Burnley,
4764,Jean-Philippe Gbamin,2,135,0,0,0,0,0,0,0,0,M S,Everton,Everton,0,0,0,0,Everton,
4475,Jed Steer,1,7,0,0,0,0,0,0,0,0,GK,Aston Villa,Aston Villa,0,0,0,0,Aston Villa,
1746,Jeff Hendrick,24,1944,2,2.102083635,2,1.378748854,22,14,8,0,M S,Burnley,Burnley,2,2.102083635,4.952221878,2.434791435,Burnley,
2182,Jefferson Lerma,33,2724,1,0.8153311415,2,1.531303081,30,11,11,1,M S,Bournemouth,Bournemouth,1,0.8153311415,8.758199345,8.174161017,Bournemouth,
757,Jeffrey Schlupp,17,1035,3,2.184974889,1,0.948796737,18,7,2,0,D F M S,Crystal Palace,Crystal Palace,3,2.184974889,3.242849723,1.128528431,Crystal Palace,
8235,Jeremy Ngakia,5,442,0,0.01403650455,0,0,1,0,0,0,D,West Ham,West Ham,0,0.01403650455,0.8919648202,0.8779283138,West Ham,
558,Jesse Lingard,22,919,1,2.327569552,0,1.110420321,22,20,3,0,M S,Manchester United,Man Utd,1,2.327569552,7.162810549,3.927907876,Man Utd,
5234,Jesús Vallejo,2,163,0,0,0,0,0,0,1,0,D S,Wolverhampton Wanderers,Wolves,0,0,0.05839471146,0.05839471146,Wolves,
6143,Jetro Willems,19,1501,2,0.4853102183,2,1.082735077,14,16,0,0,D M S,Newcastle United,Newcastle,2,0.4853102183,3.265106991,1.965357644,Newcastle,
2379,João Cancelo,17,1198,0,0.5605651829,0,2.999575402,15,17,4,0,D M S,Manchester City,Man City,0,0.5605651829,14.22669828,11.60989326,Man City,
3422,João Moutinho,38,3100,1,0.6877675271,6,6.775043549,22,76,7,0,M S,Wolverhampton Wanderers,Wolves,1,0.6877675271,11.93269111,10.85865741,Wolves,
8272,João Pedro,3,14,0,0.04292362556,0,0,1,0,0,0,S,Watford,Watford,0,0.04292362556,0.04292362556,0,Watford,
6630,Joe Willock,29,819,1,2.320996422,1,1.046809496,15,12,2,0,M S,Arsenal,Arsenal,1,2.320996422,5.560237467,3.183693353,Arsenal,
332,Joel Matip,9,706,1,0.3017807063,0,0.01566415839,4,1,0,0,D S,Liverpool,Liverpool,1,0.3017807063,1.555288021,1.539623862,Liverpool,
510,Joel Ward,29,2383,0,0.1988261007,0,0.2505737357,5,5,4,0,D S,Crystal Palace,Crystal Palace,0,0.1988261007,2.54627021,2.205837969,Crystal Palace,
87,Joelinton,38,2722,2,6.031041045,2,3.101166109,50,29,7,0,F M S,Newcastle United,Newcastle,2,6.031041045,12.04208388,4.82217684,Newcastle,
1663,Johann Berg Gudmundsson,12,629,1,0.7235382646,1,0.9180742428,10,14,0,0,M S,Burnley,Burnley,1,0.7235382646,1.565794177,1.005730655,Burnley,
7703,John Egan,36,3193,2,2.6867084,0,0.451592505,27,1,3,1,D,Sheffield United,Sheffield Utd,2,2.6867084,3.889271326,3.759345159,Sheffield Utd,
7709,John Fleck,30,2513,5,3.248101874,2,3.42932895,31,39,8,0,M S,Sheffield United,Sheffield Utd,5,3.248101874,10.27454457,5.323464704,Sheffield Utd,
7708,John Lundstram,34,2448,5,5.921482933,3,3.829640366,44,21,5,0,M S,Sheffield United,Sheffield Utd,5,5.921482933,12.00811403,5.026100654,Sheffield Utd,
7723,John McGinn,28,2323,3,3.982573007,3,2.617759112,55,37,3,0,M S,Aston Villa,Aston Villa,3,3.982573007,9.970860671,5.289585173,Aston Villa,
586,John Stones,16,1114,0,0.5476326207,0,0.06062992848,6,2,0,0,D S,Manchester City,Man City,0,0.5476326207,6.485637009,6.466724321,Man City,
7725,Jonathan Kodjia,6,96,0,0.1586535871,0,0.08237358928,2,1,1,0,S,Aston Villa,Aston Villa,0,0.1586535871,0.3279519081,0.08692473173,Aston Villa,
769,Jonjo Shelvey,26,2136,6,2.24221378,2,4.141612278,45,44,3,0,M S,Newcastle United,Newcastle,6,2.24221378,7.487127935,4.892644167,Newcastle,
2280,Jonny,35,2907,2,1.614042718,2,1.566812024,19,23,4,0,M S,Wolverhampton Wanderers,Wolves,2,1.614042718,10.03451308,7.451252225,Wolves,
807,Jonny Evans,38,3390,1,2.480743626,1,0.3810349116,23,8,8,1,D,Leicester,Leicester,1,2.480743626,10.93947146,10.73453592,Leicester,
672,Jordan Ayew,37,3196,9,7.676179042,2,2.864641923,58,30,6,0,F M,Crystal Palace,Crystal Palace,9,7.676179042,11.72133004,3.87739226,Crystal Palace,
605,Jordan Henderson,30,2254,4,1.184688816,5,4.10806204,20,27,2,0,M S,Liverpool,Liverpool,4,1.184688816,15.85856329,12.1521189,Liverpool,
741,Jordan Pickford,38,3420,0,0,0,0.03647874668,0,1,2,0,GK,Everton,Everton,0,0,3.216958884,3.216958884,Everton,
8518,Jordan Thomas,1,1,0,0,0,0,0,0,0,0,S,Norwich,Norwich,0,0,0,0,Norwich,
481,Jordon Ibe,2,39,0,0,0,0,0,0,0,0,S,Bournemouth,Bournemouth,0,0,0.02199849114,0.02199849114,Bournemouth,
1389,Jorginho,31,2391,4,3.097004123,2,2.916516068,12,23,10,0,M S,Chelsea,Chelsea,1,0.8134975955,15.91804847,14.99246665,Chelsea,
568,José Holebas,14,1019,0,0.2385536442,0,0.5429356396,6,11,5,0,D S,Watford,Watford,0,0.2385536442,2.609519782,2.237692667,Watford,
1374,José Reina,12,1080,0,0,0,0.03902811557,0,1,1,0,GK,Aston Villa,Aston Villa,0,0,1.70922461,1.70922461,Aston Villa,
987,Joseph Gomez,28,1996,0,0.01837915555,0,0.1635641232,1,5,7,0,D S,Liverpool,Liverpool,0,0.01837915555,8.470328348,8.29664246,Liverpool,
8323,Josh Brownhill,10,808,0,0.3180441968,0,0.1222565845,6,3,2,0,M S,Burnley,Burnley,0,0.3180441968,2.09862379,1.89085114,Burnley,
8455,Josh Martin,5,25,0,0.106460005,0,0,1,0,0,0,S,Norwich,Norwich,0,0.106460005,0.106460005,0,Norwich,
465,Joshua King,26,2033,6,6.534089729,4,4.133098684,26,30,0,0,F M S,Bournemouth,Bournemouth,3,4.250657398,8.373351187,3.02174308,Bournemouth,
209,Josip Drmic,21,609,1,2.934155995,0,0.9491621144,14,4,0,1,F S,Norwich,Norwich,1,2.934155995,2.379446946,0.2444553785,Norwich,
2132,Jota,10,328,0,0.2638002466,1,0.5682314299,6,4,0,0,F M S,Aston Villa,Aston Villa,0,0.2638002466,1.558620621,0.8490683436,Aston Villa,
6306,Juan Foyth,4,67,0,0,0,0.02350112982,0,1,1,0,D S,Tottenham,Spurs,0,0,0.099093467,0.099093467,Spurs,
554,Juan Mata,19,740,0,1.217082262,2,2.104931265,10,18,1,0,M S,Manchester United,Man Utd,0,1.217082262,4.749433916,3.057509588,Man Utd,
463,Junior Stanislas,15,706,3,1.870865489,0,0.9225292793,17,12,1,0,D M S,Bournemouth,Bournemouth,2,1.109696637,2.252744849,1.580289776,Bournemouth,
6542,Jürgen Locadia,2,84,0,0.3997017853,0,0,2,0,0,0,F S,Brighton,Brighton,0,0.3997017853,0.1017003786,0.04361510463,Brighton,
745,Kasper Schmeichel,38,3420,0,0.0185577441,0,0.3644337449,1,3,2,0,GK,Leicester,Leicester,0,0.0185577441,3.87591101,3.518941959,Leicester,
1053,Keinan Davis,18,514,0,1.985923849,0,0.1803661194,17,6,0,0,F S,Aston Villa,Aston Villa,0,1.985923849,2.638287212,1.306781422,Aston Villa,
620,Kelechi Iheanacho,20,976,5,5.90127157,3,2.588645751,36,15,1,0,F M S,Leicester,Leicester,5,5.90127157,8.980088063,1.332780542,Leicester,
7602,Kelland Watts,1,12,0,0,0,0,0,0,0,0,S,Newcastle United,Newcastle,0,0,0,0,Newcastle,
7693,Kenny McLean,37,2955,1,1.213697412,1,2.622597435,30,24,5,0,M S,Norwich,Norwich,1,1.213697412,8.084727772,6.269315179,Norwich,
5061,Kepa,33,2970,0,0,0,0,0,0,0,0,GK,Chelsea,Chelsea,0,0,5.265830476,5.265830476,Chelsea,
5261,Kevin Danso,6,272,0,0.07807090878,1,0.07897821069,1,1,0,1,D S,Southampton,Southampton,0,0.07807090878,0.4979414828,0.4979414828,Southampton,
447,Kevin De Bruyne,35,2818,14,8.106427835,20,20.62070693,100,133,3,0,M S,Manchester City,Man City,12,6.58409016,37.79831073,19.24482371,Man City,
1747,Kevin Long,8,560,0,0.1059900476,0,0,2,0,0,0,D S,Burnley,Burnley,0,0.1059900476,0.8505858779,0.757578969,Burnley,
723,Ki Sung-yueng,3,137,0,0,0,0.05511658266,0,2,0,0,M S,Newcastle United,Newcastle,0,0,0.04251881316,0,Newcastle,
8089,Kieran Tierney,15,996,1,0.2283624411,1,0.7536176853,6,6,2,0,D M S,Arsenal,Arsenal,1,0.2283624411,2.880771268,2.309806339,Arsenal,
8046,Kieron Freeman,2,5,0,0,0,0,0,0,0,0,S,Sheffield United,Sheffield Utd,0,0,0.02352186665,0.02352186665,Sheffield Utd,
5043,Kiko Femenía,28,2253,0,0.1220470397,0,1.201011118,5,18,5,0,D M S,Watford,Watford,0,0.1220470397,3.485389378,2.782934683,Watford,
6859,Kortney Hause,18,1541,1,2.823767407,0,0.4907598346,20,2,3,0,D S,Aston Villa,Aston Villa,1,2.823767407,1.735960333,1.735960333,Aston Villa,
935,Kurt Zouma,28,2340,0,1.469709527,0,0.121913828,15,1,6,0,D S,Chelsea,Chelsea,0,1.469709527,9.402101983,9.392717806,Chelsea,
638,Kyle Walker,29,2407,1,1.312236728,4,1.930935388,14,19,5,0,D M S,Manchester City,Man City,1,1.312236728,17.87528704,16.14107899,Man City,
885,Kyle Walker-Peters,13,946,0,0.1195318848,0,0.7473620903,3,6,1,0,D S,"Southampton,Tottenham",Southampton,0,0.1195318848,2.343926486,1.64901511,Southampton,
7236,Leander Dendoncker,38,2793,4,2.6380439,0,0.7169408379,20,9,5,0,D M S,Wolverhampton Wanderers,Wolves,4,2.6380439,9.559081248,8.40288242,Wolves,
7698,Leandro Trossard,31,2018,5,5.354302024,3,4.625110671,41,42,0,0,F M S,Brighton,Brighton,5,5.354302024,12.01170401,4.77916933,Brighton,
588,Leighton Baines,8,399,0,0.04336038232,0,0.7610810865,1,7,0,0,D M S,Everton,Everton,0,0.04336038232,1.677618213,1.677618213,Everton,
8061,Leon Clarke,2,29,0,0.4281304777,0,0,1,0,0,0,S,Sheffield United,Sheffield Utd,0,0.4281304777,0.4880923331,0.05996185914,Sheffield Utd,
337,Leroy Sané,1,6,0,0.09815926105,0,0,2,0,0,0,S,Manchester City,Man City,0,0.09815926105,0.1721694022,0.1210349798,Man City,
1789,Lewis Cook,27,1331,0,0.2477536704,0,0.5486514252,9,11,5,0,M S,Bournemouth,Bournemouth,0,0.2477536704,3.170845577,2.713585532,Bournemouth,
6048,Lewis Dunk,36,3233,3,3.71927774,3,1.26342325,31,14,9,0,D,Brighton,Brighton,3,3.71927774,8.553321623,8.347681749,Brighton,
8090,Lloyd Kelly,8,634,0,0.03567546234,0,0.1382223815,1,1,2,0,D S,Bournemouth,Bournemouth,0,0.03567546234,0.6540597752,0.5158373937,Bournemouth,
1823,Lucas Digne,35,3044,0,1.257189199,7,6.390029035,29,72,6,0,D M,Everton,Everton,0,1.257189199,8.197329143,5.132402357,Everton,
3293,Lucas Moura,35,2261,4,5.582064642,4,3.279884607,56,35,3,0,F M S,Tottenham,Spurs,4,5.582064642,10.08838138,3.178778965,Spurs,
1227,Lucas Torreira,29,1496,1,1.457248714,1,0.8258079728,21,13,7,0,M S,Arsenal,Arsenal,1,1.457248714,6.481219806,4.913524672,Arsenal,
5549,Luka Milivojevic,31,2519,3,2.495715669,1,1.736452141,31,29,12,0,M S,Crystal Palace,Crystal Palace,1,0.9733779943,4.504622877,3.986329461,Crystal Palace,
62,Lukas Rupp,12,701,0,0.8557931073,0,0.775527481,4,8,1,0,M S,Norwich,Norwich,0,0.8557931073,2.554830967,0.9235103661,Norwich,
706,Lukasz Fabianski,25,2117,0,0,0,0,0,0,1,0,GK,West Ham,West Ham,0,0,1.003832517,1.003832517,West Ham,
7713,Luke Freeman,11,358,0,0.05767989159,0,0.1855610386,3,3,2,0,M S,Sheffield United,Sheffield Utd,0,0.05767989159,0.6818461455,0.4621270895,Sheffield Utd,
1006,Luke Shaw,24,1735,0,0.719465985,0,1.375558405,11,19,7,0,D S,Manchester United,Man Utd,0,0.719465985,7.25877029,6.281433146,Man Utd,
8562,Luke Thomas,3,270,0,0,1,0.6299818009,0,9,0,0,M,Leicester,Leicester,0,0,1.378853023,1.267735928,Leicester,
1748,Lys Mousset,30,1220,6,6.072983541,4,3.612106992,37,12,1,0,F S,Sheffield United,Sheffield Utd,6,6.072983541,9.621278783,2.463755716,Sheffield Utd,
485,Mamadou Sakho,14,928,0,0,0,0.02957283519,0,1,1,1,D S,Crystal Palace,Crystal Palace,0,0,1.73845271,1.708879873,Crystal Palace,
535,Manuel Lanzini,24,1372,0,2.141773476,2,2.079108534,23,31,1,0,F M S,West Ham,West Ham,0,2.141773476,5.773349335,3.432397785,West Ham,
753,Marc Albrighton,20,860,0,0.4460918773,3,2.290337469,10,20,2,0,M S,Leicester,Leicester,0,0.4460918773,4.420472512,2.378024429,Leicester,
7694,Marco Stiepermann,24,1201,0,1.293781566,0,0.9374048952,19,12,6,0,M S,Norwich,Norwich,0,1.293781566,5.158773828,3.412886145,Norwich,
1621,Marcos Alonso,18,1436,4,2.546826496,2,2.991487339,30,25,4,0,D M S,Chelsea,Chelsea,4,2.546826496,10.60677864,7.111681357,Chelsea,
550,Marcos Rojo,3,119,0,0.1320688426,0,0,1,0,1,0,D S,Manchester United,Man Utd,0,0.1320688426,0.03241937235,0.03241937235,Man Utd,
556,Marcus Rashford,31,2673,17,19.50372761,7,5.457172869,95,33,3,0,F M,Manchester United,Man Utd,11,13.41441368,20.24479784,5.906573037,Man Utd,
12,Mario Vrancic,20,613,1,1.097883802,0,1.030054159,14,7,3,0,M S,Norwich,Norwich,1,1.097883802,1.720390306,1.226145415,Norwich,
533,Mark Noble,33,2709,4,2.773826021,3,3.181472189,17,44,5,0,M S,West Ham,West Ham,1,0.490319523,10.03794243,7.929711479,West Ham,
7582,Mark Travers,1,90,0,0,0,0,0,0,0,0,GK,Bournemouth,Bournemouth,0,0,0.0198047515,0.0198047515,Bournemouth,
6532,Martin Dubravka,38,3420,0,0,0,0,0,0,0,0,GK,Newcastle United,Newcastle,0,0,2.55671307,2.55671307,Newcastle,
525,Martin Kelly,19,1554,0,0.0609724056,1,0.8339540884,2,6,0,0,D S,Crystal Palace,Crystal Palace,0,0.0609724056,2.381859912,2.184050214,Crystal Palace,
1950,Martín Montoya,27,1912,0,1.434309933,1,1.942305795,8,21,5,0,D M S,Brighton,Brighton,0,1.434309933,6.852791702,4.159861935,Brighton,
8040,Marvelous Nakamba,29,1836,0,0.1315446673,0,0.5477455305,7,12,5,0,M S,Aston Villa,Aston Villa,0,0.1315446673,4.796764562,4.29724895,Aston Villa,
7490,Mason Greenwood,31,1304,10,3.387857363,1,1.411507794,39,14,0,0,F M S,Manchester United,Man Utd,10,3.387857363,8.516980451,4.284458378,Man Utd,
985,Mason Holgate,27,2047,0,1.405400881,3,1.122264192,12,4,5,0,D M S,Everton,Everton,0,1.405400881,6.361287424,5.70923648,Everton,
7768,Mason Mount,37,2894,7,7.49783041,5,5.258456767,78,52,3,0,F M S,Chelsea,Chelsea,7,7.49783041,16.87500463,8.520663107,Chelsea,
2385,Mat Ryan,38,3420,0,0,0,0,0,0,0,0,GK,Brighton,Brighton,0,0,4.315608842,4.315608842,Brighton,
1017,Matej Vydra,19,794,2,4.003597118,1,0.7459431458,18,8,0,0,F S,Burnley,Burnley,2,4.003597118,5.321380101,0.6670278106,Burnley,
2254,Mateo Kovacic,31,2086,1,0.9726598635,3,1.848453196,21,28,8,0,M S,Chelsea,Chelsea,1,0.9726598635,10.1122225,9.035377033,Chelsea,
6852,Matt Doherty,36,2842,4,6.484134657,3,2.127985888,34,21,1,0,D M S,Wolverhampton Wanderers,Wolves,4,6.484134657,14.1650483,7.663296996,Wolves,
461,Matt Ritchie,18,1321,2,1.510739537,1,2.345365051,26,32,4,0,D M S,Newcastle United,Newcastle,2,0.749570664,2.739802847,1.418419342,Newcastle,
884,Matt Targett,28,2305,1,0.3935443014,2,3.29992317,7,29,4,0,D M S,Aston Villa,Aston Villa,1,0.3935443014,7.988193564,6.494183116,Aston Villa,
5759,Matteo Guendouzi,24,1744,0,0.5298995525,1,1.063303284,11,12,6,0,M S,Arsenal,Arsenal,0,0.5298995525,6.531605005,5.212480575,Arsenal,
4441,Matthew James,1,3,0,0,0,0,0,0,0,0,S,Leicester,Leicester,0,0,0,0,Leicester,
8016,Matthew Longstaff,9,564,2,0.6965182088,0,0.1895613093,4,3,1,0,M S,Newcastle United,Newcastle,2,0.6965182088,1.106483337,0.2506945468,Newcastle,
1652,Matthew Lowton,17,1530,0,0.01424340252,1,1.274649853,1,11,2,0,D,Burnley,Burnley,0,0.01424340252,3.158141002,2.133144137,Burnley,
7688,Max Aarons,36,3240,0,0.6508809011,1,3.895117931,14,23,7,0,D,Norwich,Norwich,0,0.6508809011,10.05500564,7.378263747,Norwich,
7332,Max Kilman,3,183,0,0,0,0,0,0,0,0,D S,Wolverhampton Wanderers,Wolves,0,0,0.03503457084,0.03503457084,Wolves,
338,Max Meyer,17,641,0,0.4592808476,0,0.1979997866,9,4,1,0,F M S,Crystal Palace,Crystal Palace,0,0.4592808476,0.8563479297,0.379644135,Crystal Palace,
8480,Max Thompson,1,1,0,0,0,0,0,0,0,0,S,Burnley,Burnley,0,0,0,0,Burnley,
845,Maya Yoshida,8,555,0,0.9399021724,0,0.0704466477,5,1,1,0,D S,Southampton,Southampton,0,0.9399021724,0.6653452301,0.5859859288,Southampton,
8287,Mbwana Samatta,14,962,1,2.527881511,0,0.3115765862,17,9,1,0,F S,Aston Villa,Aston Villa,1,2.527881511,3.418448895,1.347539343,Aston Villa,
499,Mesut Özil,18,1472,1,1.70827345,2,2.287408385,9,37,1,0,M,Arsenal,Arsenal,1,1.70827345,8.399061233,6.210024692,Arsenal,
1653,Michael Keane,31,2550,2,2.021645652,0,0.6693382375,14,6,3,0,D S,Everton,Everton,2,2.021645652,5.468895569,4.870126873,Everton,
8022,Michael McGovern,2,159,0,0,0,0,0,0,0,0,GK S,Norwich,Norwich,0,0,0.1004980057,0.1004980057,Norwich,
6504,Michael Obafemi,21,654,3,2.154612448,2,1.225346729,12,10,1,0,F S,Southampton,Southampton,3,2.154612448,2.883793211,0.5151654873,Southampton,
531,Michail Antonio,24,1767,10,13.24954917,3,3.921495376,68,26,3,0,F M S,West Ham,West Ham,9,12.48838033,13.95970739,2.270155581,West Ham,
1678,Michy Batshuayi,16,194,1,3.03881897,1,0.2025036272,15,3,0,0,F S,Chelsea,Chelsea,1,3.03881897,3.128807252,0.2204307839,Chelsea,
7420,Miguel Almirón,36,3063,4,7.755137665,2,2.901229421,55,31,5,0,F M S,Newcastle United,Newcastle,4,7.755137665,13.8757096,3.989844505,Newcastle,
1250,Mohamed Salah,34,2904,19,20.6633187,10,8.726042524,132,60,1,0,F S,Liverpool,Liverpool,16,18.37981213,31.37419793,8.425026853,Liverpool,
1304,Moise Kean,29,783,2,4.140312345,2,2.337308671,30,10,1,0,F S,Everton,Everton,2,4.140312345,6.865808516,1.085837044,Everton,
6857,Morgan Gibbs-White,7,119,0,0.07185499556,0,0.07087609172,2,3,0,0,M S,Wolverhampton Wanderers,Wolves,0,0.07185499556,0.3064293079,0.1927992776,Wolves,
551,Morgan Schneiderlin,15,1014,0,0.3373392299,0,0.1284838654,6,4,4,1,M S,Everton,Everton,0,0.3373392299,3.29388931,3.029687347,Everton,
1217,Moritz Leitner,9,689,0,0.2178120986,0,0.3639685456,8,7,1,0,M S,Norwich,Norwich,0,0.2178120986,4.27574962,3.830889788,Norwich,
7701,Moussa Djenepo,18,920,2,2.240286709,2,2.051112972,20,11,4,1,F M S,Southampton,Southampton,2,2.240286709,5.601651658,2.570022599,Southampton,
772,Moussa Sissoko,29,2466,2,2.539252415,1,1.695646325,15,16,8,0,D M S,Tottenham,Spurs,2,2.539252415,8.974991187,5.875649888,Spurs,
908,Muhamed Besic,9,236,0,0.1495400593,0,0.08683920652,4,1,2,0,M S,Sheffield United,Sheffield Utd,0,0.1495400593,1.20465596,0.9843139946,Sheffield Utd,
751,N'Golo Kanté,22,1733,3,1.543912956,0,1.520271977,18,27,4,0,M S,Chelsea,Chelsea,3,1.543912956,7.209238461,4.837984517,Chelsea,
914,Nabil Bentaleb,12,750,0,0.06191249564,0,0.1953014433,4,8,2,0,M S,Newcastle United,Newcastle,0,0.06191249564,1.951648861,1.763133751,Newcastle,
5247,Naby Keita,18,812,2,1.72337391,3,3.215543868,12,15,1,0,M S,Liverpool,Liverpool,2,1.72337391,9.588453019,5.729767522,Liverpool,
495,Nacho Monreal,3,270,0,0.04398033023,0,0.4594330192,1,3,0,0,D,Arsenal,Arsenal,0,0.04398033023,0.6670906581,0.5824294128,Arsenal,
1785,Nampalys Mendy,7,295,0,0.01387234218,0,0.08900724817,1,3,0,0,M S,Leicester,Leicester,0,0.01387234218,1.877277005,1.789330833,Leicester,
579,Nathan Aké,29,2503,2,3.051247042,2,1.962919146,25,7,2,0,D,Bournemouth,Bournemouth,2,3.051247042,3.545500601,2.957154842,Bournemouth,
5567,Nathan Holland,2,24,0,0.0097770188,0,0,1,0,0,0,S,West Ham,West Ham,0,0.0097770188,0.0097770188,0,West Ham,
790,Nathan Redmond,32,2781,4,5.287322389,4,3.624410872,59,38,2,0,F M,Southampton,Southampton,4,5.287322389,13.67461494,6.087857706,Southampton,
8456,Nathan Tella,1,1,0,0.07578611374,0,0,1,0,0,0,S,Southampton,Southampton,0,0.07578611374,0.07578611374,0,Southampton,
1677,Nathaniel Chalobah,22,915,0,0.4986919817,1,1.616138004,9,9,1,0,M S,Watford,Watford,0,0.4986919817,2.396554895,1.413669633,Watford,
3621,Neal Maupay,37,2782,10,13.55854326,3,2.50613138,96,25,3,0,F S,Brighton,Brighton,9,12.03620561,13.85504301,3.483616909,Brighton,
8204,Neco Williams,6,235,0,0.2335284539,0,0.04667234421,7,2,1,0,D S,Liverpool,Liverpool,0,0.2335284539,0.9303017408,0.7279277593,Liverpool,
710,Neil Taylor,14,1085,0,0.1268537119,0,0.4706347287,3,5,2,0,D M S,Aston Villa,Aston Villa,0,0.1268537119,2.888129717,2.387244208,Aston Villa,
697,Nemanja Matic,21,1586,0,0.2343028076,2,0.8946507536,7,15,2,0,M S,Manchester United,Man Utd,0,0.2343028076,9.277427122,8.34947345,Man Utd,
5552,Nick Pope,38,3420,0,0,0,0.1997062638,0,3,1,0,GK,Burnley,Burnley,0,0,2.249560819,2.087928255,Burnley,
611,Nicolás Otamendi,24,1705,2,2.054820953,0,0.177584189,15,4,3,0,D S,Manchester City,Man City,2,2.054820953,10.63932938,10.6018526,Man City,
5656,Nicolas Pepe,31,2021,5,5.069305271,5,4.904219791,50,39,4,0,F M S,Arsenal,Arsenal,4,4.308136463,10.92423006,4.814494099,Arsenal,
573,Odion Ighalo,11,69,0,2.456312805,0,0.08709934354,7,2,0,0,S,Manchester United,Man Utd,0,2.456312805,2.622232538,0.07882040739,Man Utd,
2958,Oleksandr Zinchenko,19,1265,0,0.4770020023,0,2.093007034,16,20,0,1,D M S,Manchester City,Man City,0,0.4770020023,10.34460018,9.809206281,Man City,
1736,Oliver McBurnie,36,2123,6,8.068319182,0,1.135003555,50,10,4,0,F S,Sheffield United,Sheffield Utd,6,8.068319182,10.19457241,3.94750442,Sheffield Utd,
7710,Oliver Norwood,38,3119,1,1.338301325,1,3.879922425,17,49,8,0,M S,Sheffield United,Sheffield Utd,0,0.5771325016,9.95460359,9.053664204,Sheffield Utd,
7198,Oliver Skipp,7,70,0,0,0,0,0,0,0,0,M S,Tottenham,Spurs,0,0,0,0,Spurs,
502,Olivier Giroud,18,1015,8,7.400897581,0,1.388366647,39,8,1,0,F S,Chelsea,Chelsea,8,7.400897581,9.754190691,2.356766097,Chelsea,
5240,Ondrej Duda,10,737,0,0.5319720693,0,1.533667382,10,16,0,0,M S,Norwich,Norwich,0,0.5319720693,1.988604669,1.073986618,Norwich,
7697,Onel Hernández,26,1377,1,1.912150758,2,0.9162319172,29,20,0,0,M S,Norwich,Norwich,1,1.912150758,3.505056273,0.8984577488,Norwich,
842,Oriol Romeu,30,1865,0,0.197261868,0,1.717230167,8,19,5,0,M S,Southampton,Southampton,0,0.197261868,4.205227051,3.239068473,Southampton,
250,Ørjan Nyland,7,536,0,0,0,0,0,0,0,0,GK S,Aston Villa,Aston Villa,0,0,0.1945069879,0.1945069879,Aston Villa,
599,Oumar Niasse,3,17,0,0,0,0,0,0,0,0,S,Everton,Everton,0,0,0.03237203509,0.03237203509,Everton,
2335,Pablo Fornals,36,2190,2,2.643427435,5,2.299053127,36,19,3,0,M S,West Ham,West Ham,2,2.643427435,7.556359051,4.66950362,West Ham,
8380,Pablo Marí,2,113,0,0,0,0,0,0,0,0,D,Arsenal,Arsenal,0,0,0.5135994405,0.5135994405,Arsenal,
610,Pablo Zabaleta,10,585,0,0,0,0.6028396636,0,3,2,0,D M S,West Ham,West Ham,0,0,2.176807106,2.176807106,West Ham,
239,Pascal Groß,29,1812,2,1.456096993,4,5.954704691,29,59,4,0,F M S,Brighton,Brighton,2,1.456096993,8.312001303,6.019404186,Brighton,
4918,Patrick Cutrone,12,291,2,2.288807042,0,0.4840551168,11,2,0,0,F S,Wolverhampton Wanderers,Wolves,2,2.288807042,2.311261684,0,Wolves,
925,Patrick Roberts,3,19,0,0,0,0,0,0,0,0,S,Norwich,Norwich,0,0,0,0,Norwich,
730,Patrick van Aanholt,29,2517,3,2.040342808,2,3.554437162,27,32,0,0,D,Crystal Palace,Crystal Palace,2,1.27917397,5.900496691,4.38724837,Crystal Palace,
853,Paul Dummett,16,1229,0,0.02416390926,0,0.1980863633,2,4,2,0,D M S,Newcastle United,Newcastle,0,0.02416390926,1.695327315,1.570717792,Newcastle,
1740,Paul Pogba,16,1206,1,2.150869158,3,3.056191713,22,30,1,0,M S,Manchester United,Man Utd,1,1.3897003,8.765662774,7.231568899,Man Utd,
973,Paulo Gazzaniga,18,1612,0,0,0,0.4000612497,0,1,1,0,GK S,Tottenham,Spurs,0,0,2.299613006,1.899551746,Spurs,
687,Pedro,11,661,1,2.472474996,1,1.070755158,22,17,1,0,F M S,Chelsea,Chelsea,1,2.472474996,4.754026404,1.556944458,Chelsea,
6382,Pedro Neto,29,911,3,1.89344776,3,2.62621755,17,14,3,0,F M S,Wolverhampton Wanderers,Wolves,3,1.89344776,7.689651545,4.652863253,Wolves,
857,Phil Bardsley,21,1890,0,0.2909773728,1,1.579568287,11,9,6,0,D,Burnley,Burnley,0,0.2909773728,3.418901121,1.851011215,Burnley,
6055,Phil Foden,23,888,5,3.556829678,2,1.559080383,34,18,0,0,F M S,Manchester City,Man City,5,3.556829678,9.372164931,5.848771423,Man City,
587,Phil Jagielka,6,233,0,0,0,0,0,0,0,0,D S,Sheffield United,Sheffield Utd,0,0,0.09513126314,0.09513126314,Sheffield Utd,
951,Phil Jones,2,137,0,0.1148457453,0,0,2,0,0,0,D,Manchester United,Man Utd,0,0.1148457453,0.3541663252,0.3541663252,Man Utd,
6034,Philip Billing,34,2542,1,2.274695073,1,1.434430819,33,15,8,0,M S,Bournemouth,Bournemouth,1,2.274695073,6.9989503,5.092857507,Bournemouth,
318,Pierre-Emerick Aubameyang,36,3143,22,16.35262308,3,4.492486916,93,26,3,1,F M S,Arsenal,Arsenal,20,14.83035899,19.96428204,5.339657471,Arsenal,
343,Pierre-Emile Højbjerg,33,2740,0,3.178929548,1,1.859895162,46,30,5,0,D M S,Southampton,Southampton,0,3.178929548,11.66362042,8.348503056,Southampton,
618,Raheem Sterling,33,2678,20,19.79990648,1,7.208586285,100,48,5,0,F M S,Manchester City,Man City,20,18.27756875,31.44201034,10.1859974,Man City,
330,Ralf Fährmann,1,21,0,0,0,0,0,0,0,0,GK,Norwich,Norwich,0,0,0,0,Norwich,
4105,Raúl Jiménez,38,3269,17,16.51079802,6,7.226940844,117,48,3,0,F S,Wolverhampton Wanderers,Wolves,13,13.46612261,22.56023952,5.70953264,Wolves,
1883,Ravel Morrison,1,11,0,0.02669377439,0,0,1,0,0,0,S,Sheffield United,Sheffield Utd,0,0.02669377439,0,0,Sheffield Utd,
8067,Reece James,24,1512,0,0.8192670867,2,3.181412563,18,25,1,0,D M S,Chelsea,Chelsea,0,0.8192670867,7.329804063,6.209257852,Chelsea,
6492,Reiss Nelson,17,621,1,1.273586929,0,0.3629360711,11,9,1,0,F M S,Arsenal,Arsenal,1,1.273586929,1.928011604,0.7598885205,Arsenal,
3303,Ricardo Pereira,28,2520,3,1.265233166,2,4.018951585,18,27,1,0,D M,Leicester,Leicester,3,1.265233166,11.05981785,8.115902204,Leicester,
8472,Richairo Zivkovic,5,95,0,0.06403877586,0,0.1380251739,1,2,0,0,S,Sheffield United,Sheffield Utd,0,0.06403877586,0.205646567,0.205646567,Sheffield Utd,
6026,Richarlison,36,3100,13,9.842966288,3,6.668134376,89,34,8,0,F M,Everton,Everton,13,9.842966288,16.45974978,5.198306467,Everton,
750,Riyad Mahrez,33,1938,11,8.649655679,9,11.0598491,74,60,0,0,F M S,Manchester City,Man City,10,7.888486816,27.76552989,13.28588094,Man City,
1749,Rob Holding,8,576,0,0.1093563661,0,0,2,0,1,0,D S,Arsenal,Arsenal,0,0.1093563661,0.4436416104,0.4436416104,Arsenal,
789,Robbie Brady,17,436,1,0.9965001978,2,0.317549739,12,9,1,0,M S,Burnley,Burnley,1,0.9965001978,1.495762873,0.8886658251,Burnley,
1691,Robert Snodgrass,24,1522,5,2.386507551,5,3.732901038,21,33,4,0,F M S,West Ham,West Ham,5,2.386507551,6.512247741,3.524154721,West Ham,
482,Roberto Firmino,38,3035,9,16.68622903,8,7.346656004,98,52,0,0,F M S,Liverpool,Liverpool,9,16.68622903,28.27110092,9.463312279,Liverpool,
5087,Roberto Jiménez,8,687,0,0,0,0,0,0,0,0,GK S,West Ham,West Ham,0,0,0.1229030974,0.1229030974,West Ham,
1723,Roberto Pereyra,28,1656,3,3.146885926,0,1.360024405,21,20,4,0,F M S,Watford,Watford,2,2.385717059,4.776893117,1.625991831,Watford,
2496,Rodri,35,2488,3,0.7440791316,2,2.910293031,24,33,8,0,D M S,Manchester City,Man City,3,0.7440791316,22.69725015,21.21717443,Man City,
3491,Romain Saiss,33,2702,2,3.669838863,1,1.232471075,23,12,10,1,D M S,Wolverhampton Wanderers,Wolves,2,3.669838863,10.52178424,9.557376709,Wolves,
592,Ross Barkley,21,1100,1,2.844964333,4,2.860243557,40,24,0,0,M S,Chelsea,Chelsea,1,2.844964333,10.34183406,6.369961686,Chelsea,
688,Ruben Loftus-Cheek,7,195,0,0.5446935054,1,0.523468554,4,1,0,0,F M S,Chelsea,Chelsea,0,0.5446935054,1.619939558,0.5517775025,Chelsea,
6853,Rúben Neves,38,3081,2,1.638083691,2,2.606093884,61,29,9,0,M S,Wolverhampton Wanderers,Wolves,2,1.638083691,13.92579463,11.20146191,Wolves,
6856,Rúben Vinagre,16,625,0,0.2878529355,0,0.61947776,5,4,1,0,M S,Wolverhampton Wanderers,Wolves,0,0.2878529355,2.434099624,1.959365288,Wolves,
6849,Rui Patrício,38,3420,0,0,0,0,0,0,0,0,GK,Wolverhampton Wanderers,Wolves,0,0,2.798100628,2.798100628,Wolves,
787,Ryan Bennett,16,941,0,0.0239152927,0,0.09054247104,1,2,2,0,D S,"Leicester,Wolverhampton Wanderers",Leicester,0,0.0239152927,2.269687807,2.179145319,Wolves,
835,Ryan Bertrand,32,2742,1,2.061922902,1,3.522444122,19,30,3,1,D M S,Southampton,Southampton,1,2.061922902,8.074736882,5.929432241,Southampton,
1683,Ryan Fraser,28,2054,1,3.464270564,4,3.600613408,27,44,2,0,F M S,Bournemouth,Bournemouth,1,3.464270564,9.423755504,4.503551122,Bournemouth,
6891,Ryan Fredericks,27,2236,0,0.1272299131,3,2.988232175,3,22,7,0,D S,West Ham,West Ham,0,0.1272299131,6.535195041,5.442850385,West Ham,
6837,Ryan Sessegnon,6,341,0,0.09263186902,0,0.04794934019,1,2,0,0,D M S,Tottenham,Spurs,0,0.09263186902,0.525665015,0.4015225917,Spurs,
838,Sadio Mané,35,2761,18,14.5774829,7,7.235693477,77,59,3,0,F M S,Liverpool,Liverpool,18,14.5774829,25.0732052,6.767014004,Liverpool,
902,Sam Byram,17,1292,0,2.1922906,0,0.3620932568,15,6,4,0,D S,Norwich,Norwich,0,2.1922906,2.703712672,1.785952821,Norwich,
5602,Sam Surridge,4,20,0,0.8971610069,0,0.06571190804,2,1,0,0,S,Bournemouth,Bournemouth,0,0.8971610069,0.4857648537,0,Bournemouth,
8285,Sander Berge,14,957,1,0.6007533967,1,0.7143874988,5,2,0,0,M S,Sheffield United,Sheffield Utd,1,0.6007533967,2.358915487,1.210157955,Sheffield Utd,
512,Scott Dann,16,1263,0,0.4702080339,1,0.3574719215,8,5,0,0,D S,Crystal Palace,Crystal Palace,0,0.4702080339,1.343574991,1.24332051,Crystal Palace,
5560,Scott McTominay,27,1771,3,2.021982869,1,1.431213997,29,16,2,0,M S,Manchester United,Man Utd,3,2.021982869,5.719030224,4.453569738,Man Utd,
342,Sead Kolasinac,26,1687,0,0.2549883677,2,1.334303726,4,10,4,0,D M S,Arsenal,Arsenal,0,0.2549883677,8.028099369,7.041231651,Arsenal,
585,Seamus Coleman,27,1847,0,0.8494164832,1,1.51880146,8,9,3,1,D S,Everton,Everton,0,0.8494164832,6.014101095,4.155801463,Everton,
7078,Sean Longstaff,23,1354,1,1.177616231,1,0.933659235,25,15,2,1,M S,Newcastle United,Newcastle,1,1.177616231,2.805940805,2.136907784,Newcastle,
566,Sebastian Prödl,1,57,0,0.05795768648,0,0,2,0,0,0,D,Watford,Watford,0,0.05795768648,0,0,Watford,
6144,Sébastien Haller,32,2248,7,8.484900782,1,2.34311852,57,24,1,0,F S,West Ham,West Ham,7,8.484900782,11.10297738,2.639706139,West Ham,
3600,Serge Aurier,33,2716,1,0.4847744349,5,3.602312015,13,33,2,1,D M S,Tottenham,Spurs,1,0.4847744349,10.13218842,6.796362123,Spurs,
619,Sergio Agüero,24,1462,16,15.55750033,3,2.92020883,76,19,1,0,F S,Manchester City,Man City,14,13.27403068,16.878254,2.644766173,Man City,
6047,Shane Duffy,19,1226,1,1.256109475,0,0.1340766773,7,2,2,0,D S,Brighton,Brighton,1,1.256109475,2.052322952,1.914412258,Brighton,
839,Shane Long,26,1403,2,4.529592359,2,2.581097551,33,20,0,0,F S,Southampton,Southampton,2,4.529592359,5.49615946,0.8397864047,Southampton,
1699,Shkodran Mustafi,15,1208,0,0.5680257296,1,0.5758728422,11,3,2,0,D S,Arsenal,Arsenal,0,0.5680257296,4.499947272,3.967217229,Arsenal,
456,Simon Francis,15,956,0,0.1545199472,0,0.4215386538,3,4,3,1,D S,Bournemouth,Bournemouth,0,0.1545199472,1.762463287,1.679096295,Bournemouth,
7715,Simon Moore,2,180,0,0,0,0,0,0,0,0,GK,Sheffield United,Sheffield Utd,0,0,0.02943248488,0.02943248488,Sheffield Utd,
1734,Sofiane Boufal,20,746,0,1.014551141,2,2.698258985,18,15,2,0,M S,Southampton,Southampton,0,1.014551141,6.150288098,3.549865828,Southampton,
371,Sokratis,19,1698,2,1.450504782,0,0.7529756427,7,2,6,0,D,Arsenal,Arsenal,2,1.450504782,4.342151602,4.342151602,Arsenal,
6049,Solly March,19,1132,0,1.466960359,1,1.106579943,20,13,2,0,F M S,Brighton,Brighton,0,1.466960359,4.376131753,2.265023034,Brighton,
453,Son Heung-Min,30,2511,11,9.701704866,10,6.721727088,81,41,0,2,F M S,Tottenham,Spurs,11,8.940535909,18.80001169,6.514012955,Spurs,
458,Steve Cook,29,2431,1,0.6190808732,0,0.6960190739,12,4,6,1,D S,Bournemouth,Bournemouth,1,0.6190808732,3.923743866,3.797908239,Bournemouth,
8020,Steven Alzate,19,1175,0,1.057683419,0,0.8152606115,13,14,1,0,D M S,Brighton,Brighton,0,1.057683419,3.489716358,1.868018886,Brighton,
8300,Steven Bergwijn,14,698,3,1.178315811,1,1.128514307,9,13,2,0,F M S,Tottenham,Spurs,3,1.178315811,2.955224387,1.403716724,Spurs,
6893,Stuart Armstrong,30,1711,5,3.11444089,3,2.009652604,46,18,4,0,M S,Southampton,Southampton,5,3.11444089,7.972702118,3.845191848,Southampton,
7439,Tahith Chong,3,29,0,0.07188171148,0,0,1,0,0,0,S,Manchester United,Man Utd,0,0.07188171148,0.08599957451,0.01411786303,Man Utd,
8239,Takumi Minamino,10,233,0,0.8382366039,0,0.01614287868,8,1,0,0,F S,Liverpool,Liverpool,0,0.8382366039,1.212132011,0.4311890416,Liverpool,
702,Tammy Abraham,34,2233,15,18.08280155,3,2.913048159,88,21,2,0,F S,Chelsea,Chelsea,15,18.08280155,19.84191975,1.546150887,Chelsea,
5962,Tanguy NDombele Alvaro,21,1002,2,0.3529549874,2,0.7975045089,9,12,3,0,M S,Tottenham,Spurs,2,0.3529549874,5.340641292,4.963011069,Spurs,
8226,Tariq Lamptey,9,624,0,0.07120070513,1,1.149046749,2,7,2,0,D M S,"Brighton,Chelsea",Brighton,0,0.07120070513,1.177601799,0.5959806256,Brighton,
7696,Teemu Pukki,36,2908,11,11.52434513,3,3.619015418,80,30,3,0,F S,Norwich,Norwich,9,10.00200744,14.75146576,2.368442303,Norwich,
503,Theo Walcott,25,1310,2,3.480837341,3,3.973367289,31,19,1,0,M S,Everton,Everton,2,3.480837341,8.397085671,2.607158581,Everton,
982,Tim Krul,36,3240,0,0,0,0,0,0,4,0,GK,Norwich,Norwich,0,0,3.515048135,3.515048135,Norwich,
162,Timm Klose,7,591,0,0.2384884432,0,0,3,0,0,0,D,Norwich,Norwich,0,0.2384884432,0.4654364288,0.4654364288,Norwich,
549,Timothy Fosu-Mensah,3,139,0,0.08578138053,0,0.1257483363,1,2,1,0,D S,Manchester United,Man Utd,0,0.08578138053,0.6020888835,0.4799009562,Man Utd,
639,Toby Alderweireld,33,2959,2,0.4555981746,2,1.227394369,15,11,7,0,D,Tottenham,Spurs,2,0.4555981746,8.16016544,7.056380756,Spurs,
7695,Todd Cantwell,37,2528,6,5.67504898,2,2.318530723,42,36,6,0,M S,Norwich,Norwich,6,5.67504898,11.00510229,3.805257322,Norwich,
596,Tom Cleverley,18,952,1,1.780070141,0,0.7182993107,17,15,2,0,M S,Watford,Watford,1,1.780070141,4.647144553,2.588178956,Watford,
1042,Tom Davies,30,2025,1,1.640247686,0,0.534478981,17,6,8,0,M S,Everton,Everton,1,1.640247686,6.296167247,5.533327963,Everton,
1651,Tom Heaton,20,1797,0,0,0,0,0,0,0,0,GK,Aston Villa,Aston Villa,0,0,2.095072572,2.095072572,Aston Villa,
7692,Tom Trybull,16,1159,0,0.4442537315,0,0.1500192229,11,3,2,0,M S,Norwich,Norwich,0,0.4442537315,3.487555966,3.333414488,Norwich,
8288,Tomas Soucek,13,1042,3,2.418374024,0,0.3432552433,20,5,0,0,M S,West Ham,West Ham,3,2.418374024,3.873195863,2.18582924,West Ham,
8496,Tommy Doyle,1,13,0,0.07760051638,0,0,1,0,0,0,S,Manchester City,Man City,0,0.07760051638,0.07760051638,0,Man City,
1791,Trent Alexander-Arnold,38,3183,4,3.084460795,13,11.16696645,45,86,5,0,D S,Liverpool,Liverpool,4,3.084460795,20.63668835,13.59704936,Liverpool,
7722,Trézéguet,34,1955,6,5.345049158,1,0.9582564961,50,21,2,1,F M S,Aston Villa,Aston Villa,6,5.345049158,6.641214985,2.611431491,Aston Villa,
574,Troy Deeney,27,2253,10,11.5891938,2,3.735703023,45,29,3,0,F S,Watford,Watford,5,7.022180714,11.63246354,3.334597505,Watford,
8145,Troy Parrott,2,3,0,0,0,0,0,0,0,0,S,Tottenham,Spurs,0,0,0,0,Spurs,
8214,Tyrick Mitchell,4,186,0,0,0,0.1898110397,0,4,1,0,D S,Crystal Palace,Crystal Palace,0,0,0.5058544539,0.4541871995,Crystal Palace,
1024,Tyrone Mings,33,2902,2,0.9166155886,2,0.5713247508,8,7,7,0,D,Aston Villa,Aston Villa,2,0.9166155886,5.111491244,5.068004783,Aston Villa,
6352,Valentino Lazaro,13,455,1,0.4934959114,0,0.1779981181,4,6,0,1,D M S,Newcastle United,Newcastle,1,0.4934959114,1.674845499,1.188800973,Newcastle,
2190,Vicente Guaita,35,3150,0,0,0,0,0,0,1,0,GK,Crystal Palace,Crystal Palace,0,0,1.85564624,1.85564624,Crystal Palace,
2390,Víctor Camarasa,1,3,0,0,0,0,0,0,0,0,S,Crystal Palace,Crystal Palace,0,0,0.06537716836,0.06537716836,Crystal Palace,
6080,Victor Lindelöf,35,3100,1,0.1840898413,0,0.3704907242,6,4,6,0,D,Manchester United,Man Utd,1,0.1840898413,8.878299836,8.868012652,Man Utd,
836,Victor Wanyama,2,21,0,0,0,0,0,0,1,0,S,Tottenham,Spurs,0,0,0.1285706908,0.1285706908,Spurs,
833,Virgil van Dijk,38,3420,5,2.957816191,1,1.133436341,31,7,1,0,D,Liverpool,Liverpool,5,2.957816191,15.30970481,14.67371491,Liverpool,
509,Wayne Hennessey,3,270,0,0,0,0,0,0,0,0,GK,Crystal Palace,Crystal Palace,0,0,0.1149135008,0.1149135008,Crystal Palace,
748,Wes Morgan,11,418,0,0.5963815078,0,0,4,0,0,0,D S,Leicester,Leicester,0,0.5963815078,1.203891873,0.7507615238,Leicester,
7724,Wesley,21,1806,5,7.270558223,1,0.8836160395,36,11,3,0,F,Aston Villa,Aston Villa,5,6.509389266,8.00793588,2.674764636,Aston Villa,
5545,Wilfred Ndidi,32,2679,2,1.727271575,1,0.5916656079,26,15,6,0,M S,Leicester,Leicester,2,1.727271575,10.07984419,9.054951645,Leicester,
522,Wilfried Zaha,38,3276,4,4.932660915,3,3.744230918,61,37,5,0,F M S,Crystal Palace,Crystal Palace,4,4.932660915,11.8298114,4.58950951,Crystal Palace,
6104,Will Hughes,30,2300,1,2.388311027,1,2.177314872,27,25,9,0,M S,Watford,Watford,1,2.388311027,6.430044917,3.398619475,Watford,
8224,William Smallbone,9,401,0,0.2958708387,2,0.1721709855,6,3,0,0,M S,Southampton,Southampton,0,0.2958708387,1.059664447,0.6332465205,Southampton,
700,Willian,36,2609,9,8.135337461,7,8.679427238,71,76,4,0,F M S,Chelsea,Chelsea,5,5.090662114,18.40935368,10.22761222,Chelsea,
6850,Willy Boly,22,1980,0,0.2332086321,1,1.024592873,5,7,1,1,D,Wolverhampton Wanderers,Wolves,0,0.2332086321,4.820769167,3.924917588,Wolves,
624,Willy Caballero,5,450,0,0,0,0,0,0,0,0,GK,Chelsea,Chelsea,0,0,0.1469805669,0.1469805669,Chelsea,
888,Xherdan Shaqiri,7,175,1,0.5408407375,0,0.1784982607,4,3,0,0,M S,Liverpool,Liverpool,1,0.5408407375,0.7241482846,0.04457541928,Liverpool,
7280,Yan Valery,11,796,0,0.2561572902,0,1.143116295,3,2,1,0,D M S,Southampton,Southampton,0,0.2561572902,3.589541728,2.753902258,Southampton,
6521,Yerry Mina,29,2276,2,3.081726124,1,1.717646929,30,7,3,0,D S,Everton,Everton,2,3.081726124,4.244191146,3.931434541,Everton,
47,Yoshinori Muto,8,193,0,0.08367183805,0,0.01418102719,1,1,0,0,M S,Newcastle United,Newcastle,0,0.08367183805,0.2069709376,0.1091180723,Newcastle,
5956,Youri Tielemans,37,2849,3,2.792380987,6,5.186099678,56,53,2,0,M S,Leicester,Leicester,3,2.792380987,17.10386308,11.13155375,Leicester,
5609,Yves Bissouma,22,1270,1,0.4054245241,0,0.1357409228,16,4,4,0,M S,Brighton,Brighton,1,0.4054245241,3.369020504,2.931570133,Brighton,